TANGGAL,NAMA BARANG,QUANTITY,WARNA,HARGA SATUAN,JUMLAH,BULAN,TAHUN,cluster
10/1/2023,Sepatu Import Nike,1,Putih,250000,250000,10,2023,1
10/1/2023,Sepatu Pantopel Renome,1,Hitam,150000,150000,10,2023,0
10/1/2023,Sepatu Ando Perekat,1,Hitam,150000,150000,10,2023,0
10/2/2023,Sepatu Import Nike,1,Putih,250000,250000,10,2023,1
10/2/2023,Sepatu Pantopel Renome,1,Hitam,150000,150000,10,2023,0
10/3/2023,Sepatu Bapau Rajut Raiya,1,Abu,120000,120000,10,2023,0
10/3/2023,Sepatu Flatshoes Shayna,1,Putih,35000,35000,10,2023,0
10/3/2023,Sepatu Kulit Pantopel Colonia,1,Hitam,350000,350000,10,2023,1
10/3/2023,Sepatu Docmart Olivine,1,Hitam,100000,100000,10,2023,0
10/3/2023,Sepatu Import Nike,2,Putih,250000,500000,10,2023,2
10/4/2023,Sepatu Pantopel Renome,1,Hitam,150000,150000,10,2023,0
10/4/2023,Sepatu Warior Tinggi,1,Hitam,150000,150000,10,2023,0
10/4/2023,Sepatu Flatshoes Velisa,2,Pink,35000,70000,10,2023,0
10/5/2023,Sepatu Flatshoes Orima,1,Hitam,90000,90000,10,2023,0
10/5/2023,Sepatu Karet Loufu,1,Hitam,60000,60000,10,2023,0
10/5/2023,Sepatu Import Nike,1,Putih,250000,250000,10,2023,1
10/6/2023,Sepatu Bapau Bizar,1,Hitam,150000,150000,10,2023,0
10/6/2023,Sepatu Bapau Rajut Raiya,1,Abu,120000,120000,10,2023,0
10/6/2023,Sepatu Flatshoes Baradzaky,3,Moca,35000,105000,10,2023,0
10/6/2023,Sepatu Flatshoes Velisa,2,Pink,35000,70000,10,2023,0
10/6/2023,Sepatu Import NB,2,Putih,250000,500000,10,2023,2
10/7/2023,Sepatu Import NB,1,Putih,250000,250000,10,2023,1
10/7/2023,Sepatu Bapau Surya,1,Hitam,150000,150000,10,2023,0
10/7/2023,Sepatu Docmart Olivine,1,Hitam,100000,100000,10,2023,0
10/8/2023,Sepatu Flatshoes Velisa,1,Pink,35000,35000,10,2023,0
10/8/2023,Sepatu Flatshoes Orima,1,Hitam,90000,90000,10,2023,0
10/8/2023,Sepatu Pro ATT,1,Hitam,150000,150000,10,2023,0
10/9/2023,Sepatu Flatshoes Shayna,1,Putih,35000,35000,10,2023,0
10/9/2023,Sepatu Docmart Olivine,2,Hitam,100000,200000,10,2023,1
10/11/2023,Sepatu Flatshoes Velisa,1,Pink,35000,35000,10,2023,0
10/11/2023,Sepatu Bapau Rajut Raiya,1,Biru ,120000,120000,10,2023,0
10/11/2023,Sepatu Import NB,4,Putih,250000,1000000,10,2023,2
10/12/2023,Sepatu Flatshoes Orima,1,Hitam,90000,90000,10,2023,0
10/12/2023,Sepatu Flatshoes Shayna,1,Putih,35000,35000,10,2023,0
10/13/2023,Sepatu Import NB,1,Putih,250000,250000,10,2023,1
10/14/2023,Sepatu Bapau Rajut Raiya,1,Biru ,120000,120000,10,2023,0
10/14/2023,Sepatu Ando Perekat,1,Hitam,150000,150000,10,2023,0
10/15/2023,Sepatu Pantopel Renome,1,Hitam,150000,150000,10,2023,0
10/15/2023,Sepatu Warior Pendek,1,Hitam,150000,150000,10,2023,0
10/15/2023,Sepatu Kulit Pantopel Colonia,1,Hitam,350000,350000,10,2023,1
10/16/2023,Sepatu Bapau Rajut Raiya,2,Abu,120000,240000,10,2023,1
10/16/2023,Sepatu Import NB,1,Putih,250000,250000,10,2023,1
10/17/2023,Sepatu Import Adidas ,1,Hitam,250000,250000,10,2023,1
10/17/2023,Sepatu Flatshoes Velisa,2,Pink,35000,70000,10,2023,0
10/18/2023,Sepatu Lokal Fashion,1,Hitam,250000,250000,10,2023,1
10/18/2023,Sepatu Bapau Surya,1,Hitam,150000,150000,10,2023,0
10/19/2023,Sepatu Flatshoes Orima,1,Hitam,90000,90000,10,2023,0
10/19/2023,Sepatu Pro ATT,1,Hitam,150000,150000,10,2023,0
10/19/2023,Sepatu Docmart Olivine,3,Hitam,100000,300000,10,2023,1
10/20/2023,Sepatu Warior Tinggi,1,Hitam,150000,150000,10,2023,0
10/20/2023,Sepatu Flatshoes Velisa,2,Pink,35000,70000,10,2023,0
10/21/2023,Sepatu Ando Perekat,2,Hitam,150000,300000,10,2023,1
10/21/2023,Sepatu Import Nike,1,Putih,250000,250000,10,2023,1
10/21/2023,Sepatu Karet Loufu,1,Hitam,60000,60000,10,2023,0
10/22/2023,Sepatu Futsal Speed,1,Merah,150000,150000,10,2023,0
10/22/2023,Sepatu Import Gunung,1,Coklat,300000,300000,10,2023,1
10/23/2023,Sepatu Futsal Speed,1,Merah,150000,150000,10,2023,0
10/24/2023,Sepatu Kulit Pantopel Colonia,1,Hitam,350000,350000,10,2023,1
10/25/2023,Sepatu Bapau Bizar,1,Hitam,150000,150000,10,2023,0
10/25/2023,Sepatu Flatshoes Velisa,2,Pink,35000,70000,10,2023,0
10/26/2023,Sepatu Pantopel Renome,1,Hitam,150000,150000,10,2023,0
10/26/2023,Sepatu Import Nike,1,Putih,250000,250000,10,2023,1
10/27/2023,Sepatu Bapau Rajut Raiya,1,Biru ,120000,120000,10,2023,0
10/27/2023,Sepatu Flatshoes Velisa,1,Pink,35000,35000,10,2023,0
10/28/2023,Sepatu Bapau Rajut Raiya,1,Biru ,120000,120000,10,2023,0
10/28/2023,Sepatu Flatshoes Velisa,1,Pink,35000,35000,10,2023,0
10/28/2023,Sepatu Flatshoes Shayna,1,Putih,35000,35000,10,2023,0
10/29/2023,Sepatu Bapau Rajut Raiya,1,Biru ,120000,120000,10,2023,0
10/29/2023,Sepatu Import NB,1,Putih,250000,250000,10,2023,1
10/30/2023,Sepatu Futsal Speed,1,Merah,150000,150000,10,2023,0
10/30/2023,Sepatu Flatshoes Velisa,1,Pink,35000,35000,10,2023,0
10/31/2023,Sepatu Kulit Pantopel Colonia,1,Hitam,350000,350000,10,2023,1
10/31/2023,Sepatu Flatshoes Shayna,1,Putih,35000,35000,10,2023,0
11/1/2023,Sepatu Karet Loufu,1,Hitam,60000,60000,11,2023,0
11/1/2023,Sepatu Import Gunung,1,Coklat,300000,300000,11,2023,1
11/2/2023,Sepatu Bapau Rajut Raiya,1,Biru ,120000,120000,11,2023,0
11/2/2023,Sepatu Flatshoes Velisa,1,Pink,35000,35000,11,2023,0
11/3/2023,Sepatu Karet Loufu,1,Hitam,60000,60000,11,2023,0
11/3/2023,Sepatu Bapau Rajut Raiya,1,Abu,120000,120000,11,2023,0
11/3/2023,Sepatu Pro ATT,1,Hitam,150000,150000,11,2023,0
11/4/2023,Sepatu Import NB,2,Putih,250000,500000,11,2023,2
11/4/2023,Sepatu Import Nike,2,Putih,250000,500000,11,2023,2
11/4/2023,Sepatu Flatshoes Velisa,1,Pink,35000,35000,11,2023,0
11/4/2023,Sepatu Flatshoes Shayna,1,Putih,35000,35000,11,2023,0
11/5/2023,Sepatu Docmart Olivine,1,Hitam,100000,100000,11,2023,0
11/5/2023,Sepatu Flatshoes Velisa,1,Pink,35000,35000,11,2023,0
11/6/2023,Sepatu Import Adidas ,2,Hitam,250000,500000,11,2023,2
11/6/2023,Sepatu Pantopel Renome,2,Hitam,150000,300000,11,2023,1
11/6/2023,Sepatu Warior Tinggi,1,Hitam,150000,150000,11,2023,0
11/7/2023,Sepatu Ando Perekat,1,Hitam,150000,150000,11,2023,0
11/7/2023,Sepatu Lokal Fashion,1,Putih,250000,250000,11,2023,1
11/8/2023,Sepatu Import NB,1,Putih,250000,250000,11,2023,1
11/8/2023,Sepatu Bapau Rajut Raiya,1,Abu,120000,120000,11,2023,0
11/8/2023,Sepatu Pro ATT,1,Hitam,150000,150000,11,2023,0
11/9/2023,Sepatu Flatshoes Velisa,1,Pink,35000,35000,11,2023,0
11/9/2023,Sepatu Bapau Rajut Raiya,1,Biru ,120000,120000,11,2023,0
11/10/2023,Sepatu Bapau Rajut Raiya,1,Abu,120000,120000,11,2023,0
11/10/2023,Sepatu Pantopel Renome,1,Hitam,150000,150000,11,2023,0
11/11/2023,Sepatu Docmart Olivine,1,Hitam,100000,100000,11,2023,0
11/11/2023,Sepatu Bapau Rajut Raiya,1,Biru ,120000,120000,11,2023,0
11/11/2023,Sepatu Bapau Rajut Raiya,1,Abu,120000,120000,11,2023,0
11/12/2023,Sepatu Import Nike,1,Putih,250000,250000,11,2023,1
11/12/2023,Sepatu Docmart Olivine,1,Hitam,100000,100000,11,2023,0
11/12/2023,Sepatu Bapau Rajut Raiya,1,Biru ,120000,120000,11,2023,0
11/12/2023,Sepatu Pantopel Renome,1,Hitam,150000,150000,11,2023,0
11/12/2023,Sepatu Karet Loufu,2,Hitam,60000,120000,11,2023,0
11/13/2023,Sepatu Bapau Surya,1,Hitam,150000,150000,11,2023,0
11/13/2023,Sepatu Pro ATT,1,Hitam,150000,150000,11,2023,0
11/14/2023,Sepatu Flatshoes Velisa,1,Pink,35000,35000,11,2023,0
11/14/2023,Sepatu Flatshoes Shayna,1,Putih,35000,35000,11,2023,0
11/15/2023,Sepatu Bapau Rajut Raiya,1,Biru ,120000,120000,11,2023,0
11/15/2023,Sepatu Pantopel Renome,1,Hitam,150000,150000,11,2023,0
11/16/2023,Sepatu Import Nike,1,Putih,250000,250000,11,2023,1
11/16/2023,Sepatu Pantopel Renome,1,Hitam,150000,150000,11,2023,0
11/17/2023,Sepatu Karet Loufu,2,Hitam,60000,120000,11,2023,0
11/17/2023,Sepatu Import NB,1,Putih,250000,250000,11,2023,1
11/17/2023,Sepatu Ando Perekat,1,Hitam,150000,150000,11,2023,0
11/18/2023,Sepatu Docmart Olivine,1,Hitam,100000,100000,11,2023,0
11/18/2023,Sepatu Import Nike,1,Putih,250000,250000,11,2023,1
11/19/2023,Sepatu Flatshoes Velisa,1,Pink,35000,35000,11,2023,0
11/19/2023,Sepatu Karet Loufu,2,Hitam,60000,120000,11,2023,0
11/19/2023,Sepatu Ando Perekat,1,Hitam,150000,150000,11,2023,0
11/20/2023,Sepatu Import Nike,1,Putih,250000,250000,11,2023,1
11/20/2023,Sepatu Flatshoes Orima,1,Hitam,90000,90000,11,2023,0
11/20/2023,Sepatu Bapau Rajut Raiya,1,Abu,120000,120000,11,2023,0
11/21/2023,Sepatu Pantopel Renome,2,Hitam,150000,300000,11,2023,1
11/21/2023,Sepatu Ando Perekat,1,Hitam,150000,150000,11,2023,0
11/22/2023,Sepatu Import NB,1,Hitam,250000,250000,11,2023,1
11/22/2023,Sepatu Flatshoes Baradzaky,2,Moca,35000,70000,11,2023,0
11/22/2023,Sepatu Bapau Rajut Raiya,1,Biru,120000,120000,11,2023,0
11/23/2023,Sepatu Pantopel Renome,2,Hitam,150000,300000,11,2023,1
11/23/2023,Sepatu Ando Perekat,2,Hitam,150000,300000,11,2023,1
11/23/2023,Sepatu Flatshoes Orima,1,Hitam,90000,90000,11,2023,0
11/24/2023,Sepatu Import Nike,1,Putih,250000,250000,11,2023,1
11/24/2023,Sepatu Pantopel Renome,1,Hitam,150000,150000,11,2023,0
11/24/2023,Sepatu Kulit Pantopel Colonia,1,Hitam,350000,350000,11,2023,1
11/25/2023,Sepatu Karet Loufu,1,Hitam,60000,60000,11,2023,0
11/26/2023,Sepatu Import Nike,1,Putih,250000,250000,11,2023,1
11/26/2023,Sepatu Pantopel Renome,1,Hitam,150000,150000,11,2023,0
11/27/2023,Sepatu Warior Tinggi,1,Hitam,150000,150000,11,2023,0
11/27/2023,Sepatu Flatshoes Velisa,2,Pink,35000,70000,11,2023,0
11/27/2023,Sepatu Docmart Olivine,1,Hitam,100000,100000,11,2023,0
11/28/2023,Sepatu Import Nike,1,Putih,250000,250000,11,2023,1
11/28/2023,Sepatu Bapau Rajut Raiya,1,Biru,120000,120000,11,2023,0
11/28/2023,Sepatu Ando Perekat,2,Hitam,150000,300000,11,2023,1
11/29/2023,Sepatu Pantopel Renome,1,Hitam,150000,150000,11,2023,0
11/29/2023,Sepatu Import NB,1,Putih,250000,250000,11,2023,1
11/29/2023,Sepatu Pro ATT,2,Hitam,150000,300000,11,2023,1
11/29/2023,Sepatu Flatshoes Velisa,1,Pink,35000,35000,11,2023,0
11/30/2023,Sepatu Flatshoes Orima,1,Hitam,90000,90000,11,2023,0
11/30/2023,Sepatu Flatshoes Shayna,1,Putih,35000,35000,11,2023,0
11/30/2023,Sepatu Bapau Surya,1,Hitam,150000,150000,11,2023,0
11/30/2023,Sepatu Bapau Rajut Raiya,1,Biru ,120000,120000,11,2023,0
12/1/2023,Sepatu Flatshoes Velisa,1,Pink,35000,35000,12,2023,0
12/1/2023,Sepatu Pantopel Renome,2,Hitam,150000,300000,12,2023,1
12/2/2023,Sepatu Ando Perekat,1,Hitam,150000,150000,12,2023,0
12/2/2023,Sepatu Pro ATT,1,Hitam,150000,150000,12,2023,0
12/2/2023,Sepatu Bapau Rajut Raiya,1,Biru ,120000,120000,12,2023,0
12/2/2023,Sepatu Karet Loufu,1,Hitam,60000,60000,12,2023,0
12/3/2023,Sepatu Pantopel Renome,1,Hitam,150000,150000,12,2023,0
12/3/2023,Sepatu Bapau Rajut Raiya,1,Biru ,120000,120000,12,2023,0
12/3/2023,Sepatu Bapau Bizar,1,Hitam,150000,150000,12,2023,0
12/4/2023,Sepatu Bapau Rajut Raiya,1,Biru ,120000,120000,12,2023,0
12/4/2023,Sepatu Flatshoes Velisa,2,Pink,35000,70000,12,2023,0
12/5/2023,Sepatu Import Nike,1,Putih,250000,250000,12,2023,1
12/5/2023,Sepatu Bapau Bizar,1,Hitam,150000,150000,12,2023,0
12/6/2023,Sepatu Karet Loufu,1,Hitam,60000,60000,12,2023,0
12/6/2023,Sepatu Bapau Rajut Raiya,1,Abu,120000,120000,12,2023,0
12/6/2023,Sepatu Flatshoes Velisa,1,Pink,35000,35000,12,2023,0
12/7/2023,Sepatu Bapau Rajut Raiya,1,Biru ,120000,120000,12,2023,0
12/7/2023,Sepatu Flatshoes Velisa,1,Pink,35000,35000,12,2023,0
12/7/2023,Sepatu Flatshoes Shayna,1,Putih,35000,35000,12,2023,0
12/8/2023,Sepatu Bapau Rajut Raiya,1,Abu,120000,120000,12,2023,0
12/9/2023,Sepatu Docmart Olivine,1,Hitam,100000,100000,12,2023,0
12/9/2023,Sepatu Kulit Pantopel Colonia,1,Hitam,350000,350000,12,2023,1
12/10/2023,Sepatu Flatshoes Velisa,1,Pink,35000,35000,12,2023,0
12/10/2023,Sepatu Pantopel Renome,1,Hitam,150000,150000,12,2023,0
12/10/2023,Sepatu Warior Tinggi,1,Hitam,150000,150000,12,2023,0
12/10/2023,Sepatu Import Nike,1,Putih,250000,250000,12,2023,1
12/11/2023,Sepatu Pantopel Renome,1,Hitam,150000,150000,12,2023,0
12/11/2023,Sepatu Bapau Rajut Raiya,1,Abu,120000,120000,12,2023,0
12/11/2023,Sepatu Flatshoes Shayna,1,Putih,35000,35000,12,2023,0
12/12/2023,Sepatu Kulit Pantopel Colonia,1,Hitam,350000,350000,12,2023,1
12/12/2023,Sepatu Docmart Olivine,1,Hitam,100000,100000,12,2023,0
12/13/2023,Sepatu Pro ATT,1,Hitam,150000,150000,12,2023,0
12/14/2023,Sepatu Import Nike,1,Putih,250000,250000,12,2023,1
12/14/2023,Sepatu Import Adidas ,1,Hitam,250000,250000,12,2023,1
12/14/2023,Sepatu Flatshoes Velisa,1,Pink,35000,35000,12,2023,0
12/15/2023,Sepatu Bapau Rajut Raiya,1,Abu,120000,120000,12,2023,0
12/15/2023,Sepatu Pantopel Renome,1,Hitam,150000,150000,12,2023,0
12/15/2023,Sepatu Docmart Olivine,1,Hitam,100000,100000,12,2023,0
12/16/2023,Sepatu Import Nike,1,Putih,250000,250000,12,2023,1
12/16/2023,Sepatu Docmart Olivine,1,Hitam,100000,100000,12,2023,0
12/17/2023,Sepatu Pantopel Renome,1,Hitam,150000,150000,12,2023,0
12/17/2023,Sepatu Import Adidas ,1,Hitam,250000,250000,12,2023,1
12/18/2023,Sepatu Karet Loufu,1,Hitam,60000,60000,12,2023,0
12/18/2023,Sepatu Docmart Olivine,2,Hitam,100000,200000,12,2023,1
12/19/2023,Sepatu Bapau Surya,1,Hitam,150000,150000,12,2023,0
12/19/2023,Sepatu Ando Perekat,1,Hitam,150000,150000,12,2023,0
12/19/2023,Sepatu Docmart Olivine,1,Hitam,100000,100000,12,2023,0
12/20/2023,Sepatu Karet Loufu,1,Hitam,60000,60000,12,2023,0
12/20/2023,Sepatu Pantopel Renome,1,Hitam,150000,150000,12,2023,0
12/21/2023,Sepatu Import Nike,1,Putih,250000,250000,12,2023,1
12/22/2023,Sepatu Import Slip On,1,Abu,250000,250000,12,2023,1
12/22/2023,Sepatu Karet Loufu,2,Hitam,60000,120000,12,2023,0
12/22/2023,Sepatu Flatshoes Shayna,1,Putih,35000,35000,12,2023,0
12/23/2023,Sepatu Pantopel Renome,1,Hitam,150000,150000,12,2023,0
12/23/2023,Sepatu Bapau Bizar,1,Hitam,150000,150000,12,2023,0
12/23/2023,Sepatu Import Nike,1,Putih,250000,250000,12,2023,1
12/23/2023,Sepatu Bapau Rajut Raiya,1,Biru ,120000,120000,12,2023,0
12/23/2023,Sepatu Import Slip On,1,Abu,250000,250000,12,2023,1
12/24/2023,Sepatu Pantopel Renome,1,Hitam,150000,150000,12,2023,0
12/24/2023,Sepatu Bapau Surya,1,Hitam,150000,150000,12,2023,0
12/24/2023,Sepatu Docmart Olivine,1,Hitam,100000,100000,12,2023,0
12/24/2023,Sepatu Flatshoes Velisa,1,Pink,35000,35000,12,2023,0
12/25/2023,Sepatu Flatshoes Orima,1,Hitam,90000,90000,12,2023,0
12/25/2023,Sepatu Flatshoes Shayna,1,Putih,35000,35000,12,2023,0
12/26/2023,Sepatu Bapau Surya,1,Hitam,150000,150000,12,2023,0
12/26/2023,Sepatu Bapau Rajut Raiya,1,Biru ,120000,120000,12,2023,0
12/26/2023,Sepatu Import Nike,1,Putih,250000,250000,12,2023,1
12/26/2023,Sepatu Pantopel Renome,1,Hitam,150000,150000,12,2023,0
12/27/2023,Sepatu Ando Perekat,1,Hitam,150000,150000,12,2023,0
12/27/2023,Sepatu Import Nike,1,Putih,250000,250000,12,2023,1
12/28/2023,Sepatu Flatshoes Shayna,1,Putih,35000,35000,12,2023,0
12/28/2023,Sepatu Pantopel Renome,1,Hitam,150000,150000,12,2023,0
12/28/2023,Sepatu Pro ATT,1,Hitam,150000,150000,12,2023,0
12/29/2023,Sepatu Karet Loufu,1,Hitam,60000,60000,12,2023,0
12/29/2023,Sepatu Docmart Olivine,1,Hitam,100000,100000,12,2023,0
12/29/2023,Sepatu Import Nike,1,Putih,250000,250000,12,2023,1
12/29/2023,Sepatu Pro ATT,1,Hitam,150000,150000,12,2023,0
12/30/2023,Sepatu Import Nike,1,Putih,250000,250000,12,2023,1
12/30/2023,Sepatu Flatshoes Shayna,1,Putih,35000,35000,12,2023,0
12/31/2023,Sepatu Docmart Olivine,1,Hitam,100000,100000,12,2023,0
12/31/2023,Sepatu Ando Perekat,1,Hitam,150000,150000,12,2023,0
12/31/2023,Sepatu Pantopel Renome,1,Hitam,150000,150000,12,2023,0
12/31/2023,Sepatu Import Nike,1,Putih,250000,250000,12,2023,1
1/1/2024,Sepatu Docmart Olivine,3,Hitam,100000,300000,1,2024,1
1/1/2024,Sepatu Karet Loufu,1,Hitam,60000,60000,1,2024,0
1/1/2024,Sepatu Bapau Rajut Raiya,1,Biru ,120000,120000,1,2024,0
1/1/2024,Sepatu Flatshoes Velisa,1,Pink,35000,35000,1,2024,0
1/2/2024,Sepatu Bapau Rajut Raiya,1,Biru ,120000,120000,1,2024,0
1/2/2024,Sepatu Import Nike,1,Putih,250000,250000,1,2024,1
1/3/2024,Sepatu Flatshoes Velisa,1,Pink,35000,35000,1,2024,0
1/3/2024,Sepatu Import Nike,3,Putih,250000,750000,1,2024,2
1/4/2024,Sepatu Docmart Olivine,3,Hitam,100000,300000,1,2024,1
1/4/2024,Sepatu Import Nike,1,Putih,250000,250000,1,2024,1
1/4/2024,Sepatu Pantopel Renome,1,Hitam,150000,150000,1,2024,0
1/5/2024,Sepatu Warior Tinggi,1,Hitam,150000,150000,1,2024,0
1/5/2024,Sepatu Bapau Rajut Raiya,1,Biru ,120000,120000,1,2024,0
1/5/2024,Sepatu Karet Loufu,1,Hitam,60000,60000,1,2024,0
1/5/2024,Sepatu Pro ATT,1,Hitam,150000,150000,1,2024,0
1/5/2024,Sepatu Flatshoes Velisa,2,Pink,35000,70000,1,2024,0
1/5/2024,Sepatu Import Nike,1,Putih,250000,250000,1,2024,1
1/5/2024,Sepatu Bapau Bizar,1,Hitam,150000,150000,1,2024,0
1/6/2024,Sepatu Lokal Fashion,2,Putih,250000,500000,1,2024,2
1/6/2024,Sepatu Karet Loufu,1,Hitam,60000,60000,1,2024,0
1/7/2024,Sepatu Bapau Surya,1,Hitam,150000,150000,1,2024,0
1/7/2024,Sepatu Flatshoes Orima,1,Hitam,90000,90000,1,2024,0
1/7/2024,Sepatu Pro ATT,1,Hitam,150000,150000,1,2024,0
1/7/2024,Sepatu Docmart Olivine,3,Hitam,100000,300000,1,2024,1
1/7/2024,Sepatu Karet Loufu,1,Hitam,60000,60000,1,2024,0
1/7/2024,Sepatu Warior Tinggi,1,Hitam,150000,150000,1,2024,0
1/8/2024,Sepatu Ando Perekat,1,Hitam,150000,150000,1,2024,0
1/9/2024,Sepatu Import Nike,2,Putih,250000,500000,1,2024,2
1/9/2024,Sepatu Pantopel Renome,1,Hitam,150000,150000,1,2024,0
1/10/2024,Sepatu Warior Tinggi,1,Hitam,150000,150000,1,2024,0
1/10/2024,Sepatu Flatshoes Velisa,2,Pink,35000,70000,1,2024,0
1/11/2024,Sepatu Flatshoes Orima,1,Hitam,90000,90000,1,2024,0
1/11/2024,Sepatu Karet Loufu,1,Hitam,60000,60000,1,2024,0
1/11/2024,Sepatu Import Nike,1,Putih,250000,250000,1,2024,1
1/12/2024,Sepatu Bapau Bizar,1,Hitam,150000,150000,1,2024,0
1/12/2024,Sepatu Bapau Surya,1,Hitam,150000,150000,1,2024,0
1/12/2024,Sepatu Flatshoes Shayna,1,Putih,35000,35000,1,2024,0
1/13/2024,Sepatu Import Nike,2,Putih,250000,500000,1,2024,2
1/13/2024,Sepatu Ando Perekat,1,Hitam,150000,150000,1,2024,0
1/13/2024,Sepatu Pro ATT,1,Hitam,150000,150000,1,2024,0
1/14/2024,Sepatu Docmart Olivine,3,Hitam,100000,300000,1,2024,1
1/14/2024,Sepatu Flatshoes Shayna,1,Putih,35000,35000,1,2024,0
1/14/2024,Sepatu Pro ATT,1,Hitam,150000,150000,1,2024,0
1/14/2024,Sepatu Bapau Rajut Raiya,1,Biru ,120000,120000,1,2024,0
1/16/2024,Sepatu Bapau Rajut Raiya,2,Abu,120000,240000,1,2024,1
1/16/2024,Sepatu Flatshoes Velisa,1,Pink,35000,35000,1,2024,0
1/17/2024,Sepatu Docmart Olivine,1,Hitam,100000,100000,1,2024,0
1/17/2024,Sepatu Flatshoes Shayna,1,Putih,35000,35000,1,2024,0
1/18/2024,Sepatu Import Slip On,1,Abu,250000,250000,1,2024,1
1/18/2024,Sepatu Flatshoes Shayna,2,Putih,35000,70000,1,2024,0
1/19/2024,Sepatu Import Nike,2,Putih,250000,500000,1,2024,2
1/20/2024,Sepatu Docmart Olivine,1,Hitam,100000,100000,1,2024,0
1/20/2024,Sepatu Flatshoes Velisa,1,Pink,35000,35000,1,2024,0
1/21/2024,Sepatu Pantopel Renome,1,Hitam,150000,150000,1,2024,0
1/21/2024,Sepatu Flatshoes Orima,1,Hitam,90000,90000,1,2024,0
1/21/2024,Sepatu Bapau Rajut Raiya,1,Abu,120000,120000,1,2024,0
1/22/2024,Sepatu Docmart Olivine,1,Hitam,100000,100000,1,2024,0
1/22/2024,Sepatu Karet Loufu,1,Hitam,60000,60000,1,2024,0
1/22/2024,Sepatu Flatshoes Orima,1,Hitam,90000,90000,1,2024,0
1/23/2024,Sepatu Flatshoes Orima,1,Hitam,90000,90000,1,2024,0
1/23/2024,Sepatu Flatshoes Shayna,2,Putih,35000,70000,1,2024,0
1/23/2024,Sepatu Pantopel Renome,1,Hitam,150000,150000,1,2024,0
1/24/2024,Sepatu Bapau Surya,1,Hitam,150000,150000,1,2024,0
1/24/2024,Sepatu Karet Loufu,1,Hitam,60000,60000,1,2024,0
1/24/2024,Sepatu Import Adidas ,1,Hitam,250000,250000,1,2024,1
1/25/2024,Sepatu Kulit Pantopel Colonia,1,Hitam,350000,350000,1,2024,1
1/26/2024,Sepatu Pro ATT,1,Hitam,150000,150000,1,2024,0
1/26/2024,Sepatu Karet Loufu,1,Hitam,60000,60000,1,2024,0
1/27/2024,Sepatu Flatshoes Shayna,2,Putih,35000,70000,1,2024,0
1/27/2024,Sepatu Flatshoes Velisa,1,Pink,35000,35000,1,2024,0
1/28/2024,Sepatu Import Nike,2,Putih,250000,500000,1,2024,2
1/28/2024,Sepatu Flatshoes Orima,1,Hitam,90000,90000,1,2024,0
1/28/2024,Sepatu Karet Loufu,1,Hitam,60000,60000,1,2024,0
1/28/2024,Sepatu Docmart Olivine,1,Hitam,100000,100000,1,2024,0
1/29/2024,Sepatu Flatshoes Shayna,1,Putih,35000,35000,1,2024,0
1/29/2024,Sepatu Flatshoes Velisa,2,Pink,35000,70000,1,2024,0
1/29/2024,Sepatu Import Nike,2,Putih,250000,500000,1,2024,2
1/29/2024,Sepatu Warior Tinggi,1,Hitam,150000,150000,1,2024,0
1/30/2024,Sepatu Flatshoes Shayna,1,Putih,35000,35000,1,2024,0
1/30/2024,Sepatu Karet Loufu,1,Hitam,60000,60000,1,2024,0
1/31/2024,Sepatu Flatshoes Shayna,1,Putih,35000,35000,1,2024,0
1/31/2024,Sepatu Pantopel Renome,1,Hitam,150000,150000,1,2024,0
1/31/2024,Sepatu Docmart Olivine,1,Hitam,100000,100000,1,2024,0
2/1/2024,Sepatu Pantopel Renome,1,Hitam,150000,150000,2,2024,0
2/1/2024,Sepatu Flatshoes Orima,1,Hitam,90000,90000,2,2024,0
2/1/2024,Sepatu Futsal Speed,1,Merah,150000,150000,2,2024,0
2/2/2024,Sepatu Flatshoes Velisa,1,Pink,35000,35000,2,2024,0
2/2/2024,Sepatu Docmart Olivine,1,Hitam,100000,100000,2,2024,0
2/2/2024,Sepatu Bapau Rajut Raiya,1,Biru ,120000,120000,2,2024,0
2/3/2024,Sepatu Lokal Fashion,2,Putih,250000,500000,2,2024,2
2/3/2024,Sepatu Flatshoes Orima,1,Hitam,90000,90000,2,2024,0
2/3/2024,Sepatu Import Adidas ,1,Hitam,250000,250000,2,2024,1
2/3/2024,Sepatu Lokal Fashion,1,Hitam,250000,250000,2,2024,1
2/3/2024,Sepatu Import NB,1,Putih,250000,250000,2,2024,1
2/3/2024,Sepatu Bapau Bizar,1,Hitam,150000,150000,2,2024,0
2/4/2024,Sepatu Ando Perekat,1,Hitam,150000,150000,2,2024,0
2/4/2024,Sepatu Import Slip On,1,Abu,250000,250000,2,2024,1
2/4/2024,Sepatu Karet Loufu,2,Hitam,60000,120000,2,2024,0
2/4/2024,Sepatu Flatshoes Velisa,1,Pink,35000,35000,2,2024,0
2/5/2024,Sepatu Flatshoes Velisa,2,Pink,35000,70000,2,2024,0
2/5/2024,Sepatu Docmart Olivine,1,Hitam,100000,100000,2,2024,0
2/5/2024,Sepatu Karet Loufu,1,Hitam,60000,60000,2,2024,0
2/6/2024,Sepatu Pantopel Renome,2,Hitam,150000,300000,2,2024,1
2/6/2024,Sepatu Flatshoes Velisa,1,Pink,35000,35000,2,2024,0
2/6/2024,Sepatu Lokal Fashion,1,Putih,250000,250000,2,2024,1
2/7/2024,Sepatu Import NB,1,Putih,250000,250000,2,2024,1
2/7/2024,Sepatu Pantopel Renome,1,Hitam,150000,150000,2,2024,0
2/7/2024,Sepatu Karet Loufu,1,Hitam,60000,60000,2,2024,0
2/8/2024,Sepatu Karet Loufu,2,Hitam,60000,120000,2,2024,0
2/8/2024,Sepatu Import Slip On,1,Abu,250000,250000,2,2024,1
2/8/2024,Sepatu Ando Perekat,1,Hitam,150000,150000,2,2024,0
2/8/2024,Sepatu Pantopel Renome,2,Hitam,150000,300000,2,2024,1
2/9/2024,Sepatu Pantopel Renome,1,Hitam,150000,150000,2,2024,0
2/9/2024,Sepatu Import Adidas ,1,Hitam,250000,250000,2,2024,1
2/9/2024,Sepatu Lokal Fashion,1,Putih,250000,250000,2,2024,1
2/10/2024,Sepatu Karet Loufu,1,Hitam,60000,60000,2,2024,0
2/10/2024,Sepatu Docmart Olivine,1,Hitam,100000,100000,2,2024,0
2/10/2024,Sepatu Kulit Pantopel Colonia,1,Hitam,350000,350000,2,2024,1
2/10/2024,Sepatu Import NB,1,Hitam,250000,250000,2,2024,1
2/10/2024,Sepatu Bapau Rajut Raiya,2,Abu,120000,240000,2,2024,1
2/11/2024,Sepatu Karet Loufu,1,Hitam,60000,60000,2,2024,0
2/11/2024,Sepatu Flatshoes Shayna,1,Putih,35000,35000,2,2024,0
2/12/2024,Sepatu Pantopel Renome,1,Hitam,150000,150000,2,2024,0
2/12/2024,Sepatu Import NB,1,Putih,250000,250000,2,2024,1
2/13/2024,Sepatu Pantopel Renome,2,Hitam,150000,300000,2,2024,1
2/14/2024,Sepatu Flatshoes Velisa,1,Pink,35000,35000,2,2024,0
2/14/2024,Sepatu Pantopel Renome,2,Hitam,150000,300000,2,2024,1
2/15/2024,Sepatu Import Nike,1,Putih,250000,250000,2,2024,1
2/15/2024,Sepatu Flatshoes Velisa,1,Pink,35000,35000,2,2024,0
2/15/2024,Sepatu Karet Loufu,1,Hitam,60000,60000,2,2024,0
2/16/2024,Sepatu Docmart Olivine,1,Hitam,100000,100000,2,2024,0
2/16/2024,Sepatu Import Nike,1,Putih,250000,250000,2,2024,1
2/16/2024,Sepatu Pantopel Renome,1,Hitam,150000,150000,2,2024,0
2/16/2024,Sepatu Kulit Pantopel Colonia,1,Hitam,350000,350000,2,2024,1
2/16/2024,Sepatu Karet Loufu,1,Hitam,60000,60000,2,2024,0
2/17/2024,Sepatu Import Nike,1,Putih,250000,250000,2,2024,1
2/18/2024,Sepatu Flatshoes Velisa,2,Pink,35000,70000,2,2024,0
2/18/2024,Sepatu Pantopel Renome,2,Hitam,150000,300000,2,2024,1
2/18/2024,Sepatu Ando Perekat,1,Hitam,150000,150000,2,2024,0
2/18/2024,Sepatu Pro ATT,1,Hitam,150000,150000,2,2024,0
2/18/2024,Sepatu Bapau Rajut Raiya,1,Biru ,120000,120000,2,2024,0
2/19/2024,Sepatu Karet Loufu,1,Hitam,60000,60000,2,2024,0
2/19/2024,Sepatu Pantopel Renome,1,Hitam,150000,150000,2,2024,0
2/20/2024,Sepatu Bapau Rajut Raiya,1,Biru ,120000,120000,2,2024,0
2/21/2024,Sepatu Bapau Bizar,1,Hitam,150000,150000,2,2024,0
2/21/2024,Sepatu Bapau Rajut Raiya,1,Biru ,120000,120000,2,2024,0
2/21/2024,Sepatu Flatshoes Velisa,2,Pink,35000,70000,2,2024,0
2/21/2024,Sepatu Flatshoes Shayna,1,Putih,35000,35000,2,2024,0
2/22/2024,Sepatu Pantopel Renome,1,Hitam,150000,150000,2,2024,0
2/22/2024,Sepatu Warior Tinggi,1,Hitam,150000,150000,2,2024,0
2/24/2024,Sepatu Flatshoes Velisa,2,Pink,35000,70000,2,2024,0
2/24/2024,Sepatu Docmart Olivine,1,Hitam,100000,100000,2,2024,0
2/24/2024,Sepatu Import Nike,1,Putih,250000,250000,2,2024,1
2/25/2024,Sepatu Bapau Rajut Raiya,1,Biru ,120000,120000,2,2024,0
2/25/2024,Sepatu Karet Loufu,1,Hitam,60000,60000,2,2024,0
2/25/2024,Sepatu Flatshoes Orima,1,Hitam,90000,90000,2,2024,0
2/26/2024,Sepatu Docmart Olivine,1,Hitam,100000,100000,2,2024,0
2/26/2024,Sepatu Flatshoes Velisa,1,Pink,35000,35000,2,2024,0
2/26/2024,Sepatu Pantopel Renome,1,Hitam,150000,150000,2,2024,0
2/27/2024,Sepatu Pantopel Renome,1,Hitam,150000,150000,2,2024,0
2/27/2024,Sepatu Flatshoes Velisa,1,Pink,35000,35000,2,2024,0
2/28/2024,Sepatu Flatshoes Orima,1,Hitam,90000,90000,2,2024,0
2/28/2024,Sepatu Pantopel Renome,1,Hitam,150000,150000,2,2024,0
2/28/2024,Sepatu Kulit Pantopel Colonia,1,Hitam,350000,350000,2,2024,1
2/28/2024,Sepatu Flatshoes Velisa,1,Pink,35000,35000,2,2024,0
2/28/2024,Sepatu Flatshoes Velisa,1,Pink,35000,35000,2,2024,0
2/29/2024,Sepatu Lokal Fashion,1,Putih,250000,250000,2,2024,1
3/1/2024,Sepatu Import Adidas ,1,Hitam,250000,250000,3,2024,1
3/1/2024,Sepatu Flatshoes Yomi,1,Coklat,35000,35000,3,2024,0
3/1/2024,Sepatu Karet Loufu,1,Hitam,60000,60000,3,2024,0
3/2/2024,Sepatu Futsal Speed,1,Merah,150000,150000,3,2024,0
3/2/2024,Sepatu Flatshoes Yomi,1,Coklat,35000,35000,3,2024,0
3/3/2024,Sepatu Import NB,2,Hitam,250000,500000,3,2024,2
3/3/2024,Sepatu Import NB,1,Putih,250000,250000,3,2024,1
3/3/2024,Sepatu Import Gunung,1,Coklat,300000,300000,3,2024,1
3/3/2024,Sepatu Kulit Pantopel Colonia,1,Hitam,350000,350000,3,2024,1
3/4/2024,Sepatu Flatshoes Baradzaky,1,Moca,35000,35000,3,2024,0
3/4/2024,Sepatu Flatshoes Velisa,1,Pink,35000,35000,3,2024,0
3/5/2024,Sepatu Bapau Bizar,1,Hitam,150000,150000,3,2024,0
3/5/2024,Sepatu Flatshoes Yomi,1,Coklat,35000,35000,3,2024,0
3/6/2024,Sepatu Import NB,3,Putih,250000,750000,3,2024,2
3/7/2024,Sepatu Import Nike,1,Putih,250000,250000,3,2024,1
3/8/2024,Sepatu Import NB,1,Putih,250000,250000,3,2024,1
3/8/2024,Sepatu Karet Loufu,1,Hitam,60000,60000,3,2024,0
3/8/2024,Sepatu Warior Tinggi,1,Hitam,150000,150000,3,2024,0
3/8/2024,Sepatu Lokal Fashion,1,Putih,250000,250000,3,2024,1
3/8/2024,Sepatu Bapau Surya,1,Hitam,150000,150000,3,2024,0
3/9/2024,Sepatu Flatshoes Velisa,3,Pink,35000,105000,3,2024,0
3/10/2024,Sepatu Flatshoes Velisa,1,Pink,35000,35000,3,2024,0
3/10/2024,Sepatu Import NB,2,Hitam,250000,500000,3,2024,2
3/11/2024,Sepatu Bapau Rajut Raiya,1,Biru ,120000,120000,3,2024,0
3/11/2024,Sepatu Flatshoes Velisa,1,Pink,35000,35000,3,2024,0
3/12/2024,Sepatu Import NB,1,Hitam,250000,250000,3,2024,1
3/13/2024,Sepatu Warior Pendek,1,Hitam,150000,150000,3,2024,0
3/13/2024,Sepatu Karet Loufu,2,Hitam,60000,120000,3,2024,0
3/14/2024,Sepatu Docmart Olivine,1,Hitam,100000,100000,3,2024,0
3/14/2024,Sepatu Bapau Rajut Raiya,1,Moca,120000,120000,3,2024,0
3/15/2024,Sepatu Flatshoes Baradzaky,1,Moca,35000,35000,3,2024,0
3/16/2024,Sepatu Import NB,1,Hitam,250000,250000,3,2024,1
3/16/2024,Sepatu Bapau Rajut Raiya,1,Biru ,120000,120000,3,2024,0
3/17/2024,Sepatu Import NB,1,Putih,250000,250000,3,2024,1
3/17/2024,Sepatu Lokal Fashion,1,Putih,250000,250000,3,2024,1
3/17/2024,Sepatu Import NB,3,Hitam,250000,750000,3,2024,2
3/17/2024,Sepatu Bapau Rajut Raiya,2,Moca,120000,240000,3,2024,1
3/17/2024,Sepatu Ando Perekat,1,Hitam,150000,150000,3,2024,0
3/18/2024,Sepatu Flatshoes Velisa,1,Pink,35000,35000,3,2024,0
3/18/2024,Sepatu Flatshoes Shayna,2,Putih,35000,70000,3,2024,0
3/19/2024,Sepatu Flatshoes Shayna,1,Putih,35000,35000,3,2024,0
3/20/2024,Sepatu Flatshoes Velisa,1,Pink,35000,35000,3,2024,0
3/20/2024,Sepatu Docmart Olivine,1,Hitam,100000,100000,3,2024,0
3/20/2024,Sepatu Bapau Rajut Raiya,1,Moca,120000,120000,3,2024,0
3/20/2024,Sepatu Flatshoes Baradzaky,1,Moca,35000,35000,3,2024,0
3/21/2024,Sepatu Kulit Pantopel Colonia,1,Hitam,350000,350000,3,2024,1
3/21/2024,Sepatu Bapau Rajut Raiya,1,Biru ,120000,120000,3,2024,0
3/22/2024,Sepatu Flatshoes Baradzaky,1,Moca,35000,35000,3,2024,0
3/23/2024,Sepatu Ando Perekat,1,Hitam,150000,150000,3,2024,0
3/23/2024,Sepatu Docmart Olivine,1,Hitam,100000,100000,3,2024,0
3/23/2024,Sepatu Flatshoes Velisa,1,Pink,35000,35000,3,2024,0
3/24/2024,Sepatu Import Adidas ,1,Hitam,250000,250000,3,2024,1
3/24/2024,Sepatu Import Slip On,1,Abu,250000,250000,3,2024,1
3/24/2024,Sepatu Import NB,1,Hitam,250000,250000,3,2024,1
3/25/2024,Sepatu Bapau Rajut Raiya,2,Abu,120000,240000,3,2024,1
3/25/2024,Sepatu Import NB,1,Hitam,250000,250000,3,2024,1
3/26/2024,Sepatu Bapau Rajut Raiya,1,Biru ,120000,120000,3,2024,0
3/26/2024,Sepatu Flatshoes Baradzaky,2,Moca,35000,70000,3,2024,0
3/27/2024,Sepatu Flatshoes Velisa,2,Pink,35000,70000,3,2024,0
3/27/2024,Sepatu Import Nike,1,Putih,250000,250000,3,2024,1
3/27/2024,Sepatu Bapau Rajut Raiya,1,Abu,120000,120000,3,2024,0
3/28/2024,Sepatu Bapau Rajut Raiya,1,Abu,120000,120000,3,2024,0
3/28/2024,Sepatu Flatshoes Baradzaky,3,Moca,35000,105000,3,2024,0
3/28/2024,Sepatu Flatshoes Velisa,2,Pink,35000,70000,3,2024,0
3/28/2024,Sepatu Import NB,2,Putih,250000,500000,3,2024,2
3/29/2024,Sepatu Import NB,1,Putih,250000,250000,3,2024,1
3/29/2024,Sepatu Flatshoes Orima,2,Hitam,90000,180000,3,2024,0
3/29/2024,Sepatu Warior Pendek,2,Hitam,150000,300000,3,2024,1
3/30/2024,Sepatu Import NB,1,Putih,250000,250000,3,2024,1
3/30/2024,Sepatu Import Adidas ,1,Hitam,250000,250000,3,2024,1
3/30/2024,Sepatu Flatshoes Velisa,2,Pink,35000,70000,3,2024,0
3/30/2024,Sepatu Lokal Fashion,1,Hitam,250000,250000,3,2024,1
3/30/2024,Sepatu Docmart Olivine,2,Hitam,100000,200000,3,2024,1
3/30/2024,Sepatu Import NB,11,Putih,250000,250000,3,2024,1
3/30/2024,Sepatu Import NB,2,Hitam,250000,500000,3,2024,2
3/31/2024,Sepatu Import NB,2,Hitam,250000,500000,3,2024,2
3/31/2024,Sepatu Import NB,2,Putih,250000,500000,3,2024,2
4/1/2024,Sepatu Lokal Fashion,1,Putih,250000,250000,4,2024,1
4/1/2024,Sepatu Flatshoes Velisa,3,Pink,35000,105000,4,2024,0
4/1/2024,Sepatu Flatshoes Shayna,1,Putih,35000,35000,4,2024,0
4/1/2024,Sepatu Warior Pendek,2,Hitam,150000,300000,4,2024,1
4/1/2024,Sepatu Import NB,2,Putih,250000,500000,4,2024,2
4/1/2024,Sepatu Flatshoes Orima,1,Hitam,90000,90000,4,2024,0
4/2/2024,Sepatu Flatshoes Velisa,4,Pink,35000,140000,4,2024,0
4/2/2024,Sepatu Flatshoes Shayna,3,Putih,35000,105000,4,2024,0
4/2/2024,Sepatu Flatshoes Orima,1,Hitam,90000,90000,4,2024,0
4/2/2024,Sepatu Bapau Rajut Raiya,1,Biru ,120000,120000,4,2024,0
4/2/2024,Sepatu Lokal Fashion,1,Putih,250000,250000,4,2024,1
4/3/2024,Sepatu Flatshoes Velisa,1,Pink,35000,35000,4,2024,0
4/3/2024,Sepatu Bapau Rajut Raiya,1,abu,120000,120000,4,2024,0
4/3/2024,Sepatu Import Slip On,1,Abu,250000,250000,4,2024,1
4/3/2024,Sepatu Flatshoes Shayna,1,Putih,35000,35000,4,2024,0
4/3/2024,Sepatu Warior Pendek,1,Hitam,150000,150000,4,2024,0
4/3/2024,Sepatu Import NB,1,Putih,250000,250000,4,2024,1
4/4/2024,Sepatu Flatshoes Velisa,12,Pink,35000,420000,4,2024,1
4/4/2024,Sepatu Docmart Olivine,3,Hitam,100000,300000,4,2024,1
4/4/2024,Sepatu Bapau Bizar,1,Hitam,150000,150000,4,2024,0
4/4/2024,Sepatu Warior Pendek,1,Hitam,150000,150000,4,2024,0
4/4/2024,Sepatu Import NB,1,Putih,250000,250000,4,2024,1
4/4/2024,Sepatu Flatshoes Shayna,2,Putih,35000,70000,4,2024,0
4/4/2024,Sepatu Lokal Fashion,1,Putih,250000,250000,4,2024,1
4/5/2024,Sepatu Flatshoes Velisa,5,Pink,35000,175000,4,2024,0
4/5/2024,Sepatu Import NB,1,Putih,250000,250000,4,2024,1
4/5/2024,Sepatu Flatshoes Shayna,3,Putih,35000,105000,4,2024,0
4/5/2024,Sepatu Bapau Rajut Raiya,1,Biru ,120000,120000,4,2024,0
4/6/2024,Sepatu Flatshoes Velisa,5,Pink,35000,175000,4,2024,0
4/6/2024,Sepatu Import NB,2,Putih,250000,500000,4,2024,2
4/6/2024,Sepatu Import Slip On,1,Abu,250000,250000,4,2024,1
4/6/2024,Sepatu Flatshoes Orima,2,Hitam,90000,180000,4,2024,0
4/7/2024,Sepatu Flatshoes Velisa,3,Pink,35000,105000,4,2024,0
4/7/2024,Sepatu Bapau Rajut Raiya,1,Biru ,120000,120000,4,2024,0
4/7/2024,Sepatu Import NB,4,Putih,250000,1000000,4,2024,2
4/7/2024,Sepatu Flatshoes Orima,1,Hitam,90000,90000,4,2024,0
4/7/2024,Sepatu Flatshoes Shayna,1,Putih,35000,35000,4,2024,0
4/7/2024,Sepatu Import NB,1,Hitam,250000,250000,4,2024,1
4/8/2024,Sepatu Flatshoes Velisa,2,Pink,35000,70000,4,2024,0
4/8/2024,Sepatu Import NB,2,Hitam,250000,500000,4,2024,2
4/8/2024,Sepatu Flatshoes Shayna,1,Putih,35000,35000,4,2024,0
4/8/2024,Sepatu Docmart Olivine,5,Hitam,100000,500000,4,2024,2
4/8/2024,Sepatu Bapau Rajut Raiya,2,Moca,120000,240000,4,2024,1
4/8/2024,Sepatu Import NB,3,Putih,250000,750000,4,2024,2
4/8/2024,Sepatu Import Slip On,1,Abu,250000,250000,4,2024,1
4/8/2024,Sepatu Karet Loufu,1,Hitam,60000,60000,4,2024,0
4/9/2024,Sepatu Flatshoes Velisa,4,Pink,35000,140000,4,2024,0
4/9/2024,Sepatu Import NB,7,Putih,250000,1750000,4,2024,2
4/9/2024,Sepatu Flatshoes Shayna,1,Putih,35000,35000,4,2024,0
4/9/2024,Sepatu Karet Loufu,1,Hitam,60000,60000,4,2024,0
4/9/2024,Sepatu Docmart Olivine,1,Hitam,100000,100000,4,2024,0
4/11/2024,Sepatu Import NB,1,Putih,250000,250000,4,2024,1
4/11/2024,Sepatu Docmart Olivine,1,Hitam,100000,100000,4,2024,0
4/12/2024,Sepatu Ando Perekat,1,Hitam,150000,150000,4,2024,0
4/13/2024,Sepatu Flatshoes Shayna,1,Putih,35000,35000,4,2024,0
4/13/2024,Sepatu Flatshoes Velisa,1,Pink,35000,35000,4,2024,0
4/14/2024,Sepatu Flatshoes Shayna,1,Putih,35000,35000,4,2024,0
4/14/2024,Sepatu Import Adidas ,1,Hitam,250000,250000,4,2024,1
4/14/2024,Sepatu Ando Perekat,1,Hitam,150000,150000,4,2024,0
4/15/2024,Sepatu Flatshoes Velisa,2,Pink,35000,70000,4,2024,0
4/15/2024,Sepatu Flatshoes Orima,1,Hitam,90000,90000,4,2024,0
4/15/2024,Sepatu Bapau Rajut Raiya,1,Biru ,120000,120000,4,2024,0
4/15/2024,Sepatu Import Gunung,1,Coklat,300000,300000,4,2024,1
4/15/2024,Sepatu Import NB,1,Hitam,250000,250000,4,2024,1
4/15/2024,Sepatu Flatshoes Shayna,2,Putih,35000,70000,4,2024,0
4/15/2024,Sepatu Warior Pendek,1,Hitam,150000,150000,4,2024,0
4/16/2024,Sepatu Import NB,1,Putih,250000,250000,4,2024,1
4/16/2024,Sepatu Karet Loufu,1,Hitam,60000,60000,4,2024,0
4/17/2024,Sepatu Ando Perekat,1,Hitam,150000,150000,4,2024,0
4/17/2024,Sepatu Flatshoes Velisa,2,Pink,35000,70000,4,2024,0
4/17/2024,Sepatu Import Slip On,1,Abu,250000,250000,4,2024,1
4/18/2024,Sepatu Flatshoes Orima,1,Hitam,90000,90000,4,2024,0
4/18/2024,Sepatu Flatshoes Velisa,1,Pink,35000,35000,4,2024,0
4/18/2024,Sepatu Ando Perekat,1,Hitam,150000,150000,4,2024,0
4/19/2024,Sepatu Import NB,1,Putih,250000,250000,4,2024,1
4/19/2024,Sepatu Import Nike,1,Putih,250000,250000,4,2024,1
4/19/2024,Sepatu Bapau Rajut Raiya,1,abu,120000,120000,4,2024,0
4/20/2024,Sepatu Import NB,1,Putih,250000,250000,4,2024,1
4/20/2024,Sepatu Docmart Olivine,1,Hitam,100000,100000,4,2024,0
4/20/2024,Sepatu Flatshoes Velisa,1,Pink,35000,35000,4,2024,0
4/20/2024,Sepatu Import NB,1,Hitam,250000,250000,4,2024,1
4/21/2024,Sepatu Flatshoes Velisa,1,Pink,35000,35000,4,2024,0
4/22/2024,Sepatu Flatshoes Shayna,2,Putih,35000,70000,4,2024,0
4/23/2024,Sepatu Flatshoes Velisa,1,Pink,35000,35000,4,2024,0
4/24/2024,Sepatu Flatshoes Shayna,2,Putih,35000,70000,4,2024,0
4/25/2024,Sepatu Flatshoes Velisa,2,Pink,35000,70000,4,2024,0
4/25/2024,Sepatu Kulit Pantopel Colonia,1,Hitam,350000,350000,4,2024,1
4/26/2024,Sepatu Flatshoes Velisa,1,Pink,35000,35000,4,2024,0
4/27/2024,Sepatu Import NB,1,Putih,250000,250000,4,2024,1
4/28/2024,Sepatu Import NB,1,Hitam,250000,250000,4,2024,1
4/28/2024,Sepatu Flatshoes Velisa,1,Pink,35000,35000,4,2024,0
4/28/2024,Sepatu Bapau Rajut Raiya,1,Moca,120000,120000,4,2024,0
4/29/2024,Sepatu Import NB,1,Putih,250000,250000,4,2024,1
4/29/2024,Sepatu Bapau Rajut Raiya,1,Biru ,120000,120000,4,2024,0
4/30/2024,Sepatu Flatshoes Shayna,1,Putih,35000,35000,4,2024,0
5/1/2024,Sepatu Import NB,2,Hitam,250000,500000,5,2024,2
5/1/2024,Sepatu Pro ATT,1,Hitam,150000,150000,5,2024,0
5/1/2024,Sepatu Ando Perekat,1,Hitam,150000,150000,5,2024,0
5/1/2024,Sepatu Pantopel Renome,1,Hitam,150000,150000,5,2024,0
5/2/2024,Sepatu Flatshoes Shayna,1,Putih,35000,35000,5,2024,0
5/2/2024,Sepatu Pantopel Renome,1,Hitam,150000,150000,5,2024,0
5/3/2024,Sepatu Warior Pendek,1,Hitam,150000,150000,5,2024,0
5/4/2024,Sepatu Flatshoes Velisa,1,Pink,35000,35000,5,2024,0
5/5/2024,Sepatu Import Adidas ,1,Hitam,250000,250000,5,2024,1
5/5/2024,Sepatu Bapau Rajut Raiya,1,Biru ,120000,120000,5,2024,0
5/5/2024,Sepatu Import NB,2,Hitam,250000,500000,5,2024,2
5/6/2024,Sepatu Flatshoes Velisa,1,Pink,35000,35000,5,2024,0
5/6/2024,Sepatu Flatshoes Orima,1,Hitam,90000,90000,5,2024,0
5/7/2024,Sepatu Warior Pendek,1,Hitam,150000,150000,5,2024,0
5/7/2024,Sepatu Flatshoes Velisa,1,Pink,35000,35000,5,2024,0
5/7/2024,Sepatu Import NB,1,Putih,250000,250000,5,2024,1
5/7/2024,Sepatu Import NB,1,Hitam,250000,250000,5,2024,1
5/8/2024,Sepatu Flatshoes Velisa,1,Pink,35000,35000,5,2024,0
5/9/2024,Sepatu Import NB,1,Putih,250000,250000,5,2024,1
5/9/2024,Sepatu Pro ATT,1,Hitam,150000,150000,5,2024,0
5/10/2024,Sepatu Flatshoes Velisa,2,Pink,35000,70000,5,2024,0
5/10/2024,Sepatu Bapau Rajut Raiya,1,Abu,120000,120000,5,2024,0
5/11/2024,Sepatu Warior Pendek,1,Hitam,150000,150000,5,2024,0
5/11/2024,Sepatu Import NB,1,Hitam,250000,250000,5,2024,1
5/11/2024,Sepatu Bapau Rajut Raiya,1,Biru ,120000,120000,5,2024,0
5/11/2024,Sepatu Docmart Olivine,1,Hitam,100000,100000,5,2024,0
5/11/2024,Sepatu Flatshoes Velisa,1,Pink,35000,35000,5,2024,0
5/12/2024,Sepatu Flatshoes Velisa,1,Pink,35000,35000,5,2024,0
5/12/2024,Sepatu Import NB,1,Putih,250000,250000,5,2024,1
5/12/2024,Sepatu Docmart Olivine,1,Hitam,100000,100000,5,2024,0
5/13/2024,Sepatu Docmart Olivine,1,Hitam,100000,100000,5,2024,0
5/13/2024,Sepatu Import NB,1,Putih,250000,250000,5,2024,1
5/14/2024,Sepatu Pro ATT,1,Hitam,150000,150000,5,2024,0
5/14/2024,Sepatu Ando Perekat,1,Hitam,150000,150000,5,2024,0
5/15/2024,Sepatu Import NB,1,Putih,250000,250000,5,2024,1
5/16/2024,Sepatu Flatshoes Velisa,2,Pink,35000,70000,5,2024,0
5/17/2024,Sepatu Flatshoes Shayna,1,Putih,35000,35000,5,2024,0
5/17/2024,Sepatu Pantopel Renome,1,Hitam,150000,150000,5,2024,0
5/18/2024,Sepatu Import NB,1,Hitam,250000,250000,5,2024,1
5/18/2024,Sepatu Ando Perekat,1,Hitam,150000,150000,5,2024,0
5/18/2024,Sepatu Import NB,1,Putih,250000,250000,5,2024,1
5/19/2024,Sepatu Kulit Pantopel Colonia,1,Hitam,350000,350000,5,2024,1
5/19/2024,Sepatu Import NB,1,Putih,250000,250000,5,2024,1
5/20/2024,Sepatu Flatshoes Shayna,1,Putih,35000,35000,5,2024,0
5/20/2024,Sepatu Import NB,1,Hitam,250000,250000,5,2024,1
5/20/2024,Sepatu Flatshoes Velisa,2,Pink,35000,70000,5,2024,0
5/21/2024,Sepatu Bapau Bizar,1,Hitam,150000,150000,5,2024,0
5/21/2024,Sepatu Bapau Rajut Raiya,1,Moca,120000,120000,5,2024,0
5/21/2024,Sepatu Import NB,1,Putih,250000,250000,5,2024,1
5/22/2024,Sepatu Bapau Rajut Raiya,2,Biru ,120000,240000,5,2024,1
5/22/2024,Sepatu Flatshoes Velisa,2,Pink,35000,70000,5,2024,0
5/23/2024,Sepatu Flatshoes Shayna,1,Putih,35000,35000,5,2024,0
5/23/2024,Sepatu Flatshoes Velisa,2,Pink,35000,70000,5,2024,0
5/24/2024,Sepatu Bapau Rajut Raiya,2,Biru ,120000,240000,5,2024,1
5/25/2024,Sepatu Pro ATT,1,Hitam,150000,150000,5,2024,0
5/25/2024,Sepatu Flatshoes Shayna,1,Putih,35000,35000,5,2024,0
5/26/2024,Sepatu Docmart Olivine,2,Hitam,100000,200000,5,2024,1
5/26/2024,Sepatu Flatshoes Velisa,1,Pink,35000,35000,5,2024,0
5/27/2024,Sepatu Flatshoes Velisa,1,Pink,35000,35000,5,2024,0
5/27/2024,Sepatu Bapau Rajut Raiya,2,Abu,120000,240000,5,2024,1
5/28/2024,Sepatu Bapau Rajut Raiya,1,Biru ,120000,120000,5,2024,0
5/28/2024,Sepatu Flatshoes Orima,1,Hitam,90000,90000,5,2024,0
5/28/2024,Sepatu Docmart Olivine,2,Hitam,100000,200000,5,2024,1
5/28/2024,Sepatu Flatshoes Velisa,1,Pink,35000,35000,5,2024,0
5/29/2024,Sepatu Bapau Rajut Raiya,1,Biru ,120000,120000,5,2024,0
5/29/2024,Sepatu Flatshoes Orima,1,Hitam,90000,90000,5,2024,0
5/30/2024,Sepatu Bapau Rajut Raiya,1,Abu,120000,120000,5,2024,0
5/30/2024,Sepatu Flatshoes Orima,1,Hitam,90000,90000,5,2024,0
5/31/2024,Sepatu Docmart Olivine,1,Hitam,100000,100000,5,2024,0
5/31/2024,Sepatu Import Slip On,1,Abu,250000,250000,5,2024,1
5/31/2024,Sepatu Pantopel Renome,1,Hitam,150000,150000,5,2024,0
6/1/2024,Sepatu Flatshoes Shayna,1,Putih,35000,35000,6,2024,0
6/1/2024,Sepatu Import NB,1,Hitam,250000,250000,6,2024,1
6/1/2024,Sepatu Docmart Olivine,2,Hitam,100000,200000,6,2024,1
6/2/2024,Sepatu Pro ATT,1,Hitam,150000,150000,6,2024,0
6/2/2024,Sepatu Import NB,1,Putih,250000,250000,6,2024,1
6/3/2024,Sepatu Docmart Olivine,1,Hitam,100000,100000,6,2024,0
6/3/2024,Sepatu Kulit Pantopel Colonia,1,Hitam,350000,350000,6,2024,1
6/3/2024,Sepatu Import NB,1,Hitam,250000,250000,6,2024,1
6/4/2024,Sepatu Pro ATT,1,Hitam,150000,150000,6,2024,0
6/4/2024,Sepatu Flatshoes Velisa,1,Pink,35000,35000,6,2024,0
6/5/2024,Sepatu Pantopel Renome,1,Hitam,150000,150000,6,2024,0
6/5/2024,Sepatu Import NB,1,Putih,250000,250000,6,2024,1
6/6/2024,Sepatu Ando Perekat,1,Hitam,150000,150000,6,2024,0
6/6/2024,Sepatu Import NB,1,Hitam,250000,250000,6,2024,1
6/7/2024,Sepatu Pantopel Renome,1,Hitam,150000,150000,6,2024,0
6/8/2024,Sepatu Bapau Rajut Raiya,1,Biru ,120000,120000,6,2024,0
6/9/2024,Sepatu Flatshoes Velisa,1,Pink,35000,35000,6,2024,0
6/9/2024,Sepatu Import NB,1,Putih,250000,250000,6,2024,1
6/9/2024,Sepatu Docmart Olivine,1,Hitam,100000,100000,6,2024,0
6/9/2024,Sepatu Ando Perekat,1,Hitam,150000,150000,6,2024,0
6/10/2024,Sepatu Bapau Rajut Raiya,1,Moca,120000,120000,6,2024,0
6/10/2024,Sepatu Warior Pendek,1,Hitam,150000,150000,6,2024,0
6/10/2024,Sepatu Futsal Speed,1,Merah,150000,150000,6,2024,0
6/10/2024,Sepatu Import NB,1,Hitam,250000,250000,6,2024,1
6/10/2024,Sepatu Bapau Rajut Raiya,1,Abu,120000,120000,6,2024,0
6/11/2024,Sepatu Bapau Rajut Raiya,1,Abu,120000,120000,6,2024,0
6/11/2024,Sepatu Import NB,1,Hitam,250000,250000,6,2024,1
6/11/2024,Sepatu Bapau Rajut Raiya,2,Moca,120000,240000,6,2024,1
6/12/2024,Sepatu Bapau Rajut Raiya,1,Biru ,120000,120000,6,2024,0
6/13/2024,Sepatu Import NB,1,Hitam,250000,250000,6,2024,1
6/13/2024,Sepatu Bapau Rajut Raiya,1,Abu,120000,120000,6,2024,0
6/14/2024,Sepatu Import Nike,1,Putih,250000,250000,6,2024,1
6/14/2024,Sepatu Bapau Surya,1,Hitam,150000,150000,6,2024,0
6/15/2024,Sepatu Import NB,1,Putih,250000,250000,6,2024,1
6/15/2024,Sepatu Bapau Rajut Raiya,1,Biru ,120000,120000,6,2024,0
6/16/2024,Sepatu Ando Perekat,1,Hitam,150000,150000,6,2024,0
6/16/2024,Sepatu Pantopel Renome,1,Hitam,150000,150000,6,2024,0
6/18/2024,Sepatu Warior Pendek,1,Hitam,150000,150000,6,2024,0
6/18/2024,Sepatu Kulit Pantopel Colonia,1,Hitam,350000,350000,6,2024,1
6/18/2024,Sepatu Bapau Rajut Raiya,2,Abu,120000,240000,6,2024,1
6/18/2024,Sepatu Pantopel Renome,1,Hitam,150000,150000,6,2024,0
6/18/2024,Sepatu Bapau Rajut Raiya,1,Biru ,120000,120000,6,2024,0
6/19/2024,Sepatu Import NB,1,Putih,250000,250000,6,2024,1
6/19/2024,Sepatu Bapau Surya,1,Hitam,150000,150000,6,2024,0
6/20/2024,Sepatu Pantopel Renome,1,Hitam,150000,150000,6,2024,0
6/20/2024,Sepatu Kulit Pantopel Colonia,1,Hitam,350000,350000,6,2024,1
6/20/2024,Sepatu Flatshoes Velisa,1,Pink,35000,35000,6,2024,0
6/21/2024,Sepatu Bapau Rajut Raiya,2,Moca,120000,240000,6,2024,1
6/22/2024,Sepatu Flatshoes Velisa,1,Pink,35000,35000,6,2024,0
6/22/2024,Sepatu Flatshoes Shayna,1,Putih,35000,35000,6,2024,0
6/22/2024,Sepatu Ando Perekat,1,Hitam,150000,150000,6,2024,0
6/23/2024,Sepatu Bapau Rajut Raiya,1,Biru ,120000,120000,6,2024,0
6/23/2024,Sepatu Ando Perekat,1,Hitam,150000,150000,6,2024,0
6/23/2024,Sepatu Pantopel Renome,1,Hitam,150000,150000,6,2024,0
6/23/2024,Sepatu Bapau Rajut Raiya,1,Abu,120000,120000,6,2024,0
6/24/2024,Sepatu Flatshoes Shayna,1,Putih,35000,35000,6,2024,0
6/24/2024,Sepatu Docmart Olivine,2,Hitam,100000,200000,6,2024,1
6/24/2024,Sepatu Flatshoes Orima,1,Hitam,90000,90000,6,2024,0
6/25/2024,Sepatu Import Slip On,1,Abu,250000,250000,6,2024,1
6/25/2024,Sepatu Bapau Bizar,1,Hitam,150000,150000,6,2024,0
6/26/2024,Sepatu Pantopel Renome,1,Hitam,150000,150000,6,2024,0
6/26/2024,Sepatu Kulit Pantopel Colonia,1,Hitam,350000,350000,6,2024,1
6/26/2024,Sepatu Ando Perekat,1,Hitam,150000,150000,6,2024,0
6/27/2024,Sepatu Flatshoes Orima,1,Hitam,90000,90000,6,2024,0
6/27/2024,Sepatu Flatshoes Velisa,2,Pink,35000,70000,6,2024,0
6/27/2024,Sepatu Import NB,1,Putih,250000,250000,6,2024,1
6/27/2024,Sepatu Docmart Olivine,1,Hitam,100000,100000,6,2024,0
6/28/2024,Sepatu Import NB,1,Putih,250000,250000,6,2024,1
6/28/2024,Sepatu Pantopel Renome,2,Hitam,150000,300000,6,2024,1
6/29/2024,Sepatu Bapau Rajut Raiya,1,Moca,120000,120000,6,2024,0
6/29/2024,Sepatu Flatshoes Velisa,1,Pink,35000,35000,6,2024,0
6/30/2024,Sepatu Pantopel Renome,1,Hitam,150000,150000,6,2024,0
6/30/2024,Sepatu Flatshoes Shayna,1,Putih,35000,35000,6,2024,0
6/30/2024,Sepatu Ando Perekat,1,Hitam,150000,150000,6,2024,0
6/30/2024,Sepatu Pro ATT,1,Hitam,150000,150000,6,2024,0
7/1/2024,Sepatu Import NB,1,Putih,250000,250000,7,2024,1
7/1/2024,Sepatu Warior Pendek,1,Hitam,150000,150000,7,2024,0
7/1/2024,Sepatu Ando Perekat,1,Hitam,150000,150000,7,2024,0
7/1/2024,Sepatu Flatshoes Orima,1,Hitam,90000,90000,7,2024,0
7/1/2024,Sepatu Kulit Pantopel Colonia,1,Hitam,350000,350000,7,2024,1
7/1/2024,Sepatu Bapau Rajut Raiya,1,Moca,120000,120000,7,2024,0
7/1/2024,Sepatu Pantopel Renome,1,Hitam,150000,150000,7,2024,0
7/2/2024,Sepatu Bapau Rajut Raiya,1,Biru,120000,120000,7,2024,0
7/2/2024,Sepatu Ando Perekat,2,Hitam,150000,300000,7,2024,1
7/2/2024,Sepatu Flatshoes Orima,1,Hitam,90000,90000,7,2024,0
7/3/2024,Sepatu Kulit Pantopel Colonia,1,Hitam,350000,350000,7,2024,1
7/3/2024,Sepatu Pantopel Renome,1,Hitam,150000,150000,7,2024,0
7/3/2024,Sepatu Import NB,1,Hitam,250000,250000,7,2024,1
7/3/2024,Sepatu Import Nike,1,Putih,250000,250000,7,2024,1
7/3/2024,Sepatu Import NB,1,Putih,250000,250000,7,2024,1
7/3/2024,Sepatu Pro ATT,1,Hitam,150000,150000,7,2024,0
7/4/2024,Sepatu Import Nike,1,Putih,250000,250000,7,2024,1
7/4/2024,Sepatu Bapau Rajut Raiya,1,Abu,120000,120000,7,2024,0
7/4/2024,Sepatu Ando Perekat,1,Hitam,150000,150000,7,2024,0
7/5/2024,Sepatu Import Nike,1,Putih,250000,250000,7,2024,1
7/5/2024,Sepatu Flatshoes Orima,1,Hitam,90000,90000,7,2024,0
7/5/2024,Sepatu Bapau Rajut Raiya,1,Abu,120000,120000,7,2024,0
7/5/2024,Sepatu Pantopel Renome,2,Hitam,150000,300000,7,2024,1
7/5/2024,Sepatu Ando Perekat,1,Hitam,150000,150000,7,2024,0
7/5/2024,Sepatu Import NB,1,Hitam,250000,250000,7,2024,1
7/5/2024,Sepatu Flatshoes Baradzaky,2,Moca,35000,70000,7,2024,0
7/5/2024,Sepatu Bapau Rajut Raiya,1,Biru,120000,120000,7,2024,0
7/7/2024,Sepatu Pantopel Renome,2,Hitam,150000,300000,7,2024,1
7/7/2024,Sepatu Ando Perekat,2,Hitam,150000,300000,7,2024,1
7/7/2024,Sepatu Flatshoes Orima,1,Hitam,90000,90000,7,2024,0
7/7/2024,Sepatu Docmart Olivine,1,Hitam,100000,100000,7,2024,0
7/7/2024,Sepatu Import NB,1,Hitam,250000,250000,7,2024,1
7/7/2024,Sepatu Import NB,1,Putih,250000,250000,7,2024,1
7/8/2024,Sepatu Warior Tinggi,1,Hitam,150000,150000,7,2024,0
7/8/2024,Sepatu Flatshoes Velisa,1,Pink,35000,35000,7,2024,0
7/8/2024,Sepatu Import NB,1,Putih,250000,250000,7,2024,1
7/8/2024,Sepatu Ando Perekat,2,Hitam,150000,300000,7,2024,1
7/8/2024,Sepatu Bapau Rajut Raiya,1,Abu,120000,120000,7,2024,0
7/9/2024,Sepatu Import NB,2,Hitam,250000,500000,7,2024,2
7/9/2024,Sepatu Pantopel Renome,1,Hitam,150000,150000,7,2024,0
7/9/2024,Sepatu Warior Tinggi,1,Hitam,150000,150000,7,2024,0
7/10/2024,Sepatu Import NB,1,Hitam,250000,250000,7,2024,1
7/10/2024,Sepatu Bapau Rajut Raiya,1,Abu,120000,120000,7,2024,0
7/10/2024,Sepatu Pantopel Renome,1,Hitam,150000,150000,7,2024,0
7/10/2024,Sepatu Warior Tinggi,1,Hitam,150000,150000,7,2024,0
7/10/2024,Sepatu Kulit Pantopel Colonia,1,Hitam,350000,350000,7,2024,1
7/11/2024,Sepatu Import NB,1,Hitam,250000,250000,7,2024,1
7/11/2024,Sepatu Futsal Speed,1,Merah,150000,150000,7,2024,0
7/11/2024,Sepatu Pantopel Renome,2,Hitam,150000,300000,7,2024,1
7/11/2024,Sepatu Pro ATT,2,Hitam,150000,300000,7,2024,1
7/11/2024,Sepatu Warior Tinggi,1,Hitam,150000,150000,7,2024,0
7/11/2024,Sepatu Bapau Rajut Raiya,1,Biru,120000,120000,7,2024,0
7/12/2024,Sepatu Ando Perekat,2,Hitam,150000,300000,7,2024,1
7/12/2024,Sepatu Pantopel Renome,1,Hitam,150000,150000,7,2024,0
7/12/2024,Sepatu Import NB,1,Putih,250000,250000,7,2024,1
7/12/2024,Sepatu Pro ATT,2,Hitam,150000,300000,7,2024,1
7/12/2024,Sepatu Warior Pendek,1,Hitam,150000,150000,7,2024,0
7/12/2024,Sepatu Docmart Olivine,1,Hitam,100000,100000,7,2024,0
7/12/2024,Sepatu Karet Loufu,1,Hitam,60000,60000,7,2024,0
7/13/2024,Sepatu Flatshoes Shayna,1,Putih,35000,35000,7,2024,0
7/13/2024,Sepatu Warior Pendek,1,Hitam,150000,150000,7,2024,0
7/13/2024,Sepatu Bapau Rajut Raiya,2,Biru,120000,240000,7,2024,1
7/13/2024,Sepatu Bapau Rajut Raiya,2,Abu,120000,240000,7,2024,1
7/13/2024,Sepatu Warior Tinggi,2,Hitam,150000,300000,7,2024,1
7/13/2024,Sepatu Pantopel Renome,3,Hitam,150000,450000,7,2024,2
7/13/2024,Sepatu Import Adidas ,1,Hitam,250000,250000,7,2024,1
7/13/2024,Sepatu Pro ATT,1,Hitam,150000,150000,7,2024,0
7/14/2024,Sepatu Pantopel Renome,5,Hitam,150000,750000,7,2024,2
7/14/2024,Sepatu Pro ATT,6,Hitam,150000,900000,7,2024,2
7/14/2024,Sepatu Warior Tinggi,4,Hitam,150000,600000,7,2024,2
7/14/2024,Sepatu Warior Pendek,2,Hitam,150000,300000,7,2024,1
7/15/2024,Sepatu Pantopel Renome,1,Hitam,150000,150000,7,2024,0
7/15/2024,Sepatu Karet Loufu,1,Hitam,60000,60000,7,2024,0
7/15/2024,Sepatu Pro ATT,1,Hitam,150000,150000,7,2024,0
7/16/2024,Sepatu Pantopel Renome,1,Hitam,150000,150000,7,2024,0
7/16/2024,Sepatu Karet Loufu,1,Hitam,60000,60000,7,2024,0
7/17/2024,Sepatu Flatshoes Shayna,2,Putih,35000,70000,7,2024,0
7/17/2024,Sepatu Docmart Olivine,1,Hitam,100000,100000,7,2024,0
7/17/2024,Sepatu Pantopel Renome,3,Hitam,150000,450000,7,2024,2
7/17/2024,Sepatu Bapau Rajut Raiya,2,Abu,120000,240000,7,2024,1
7/17/2024,Sepatu Pro ATT,1,Hitam,150000,150000,7,2024,0
7/18/2024,Sepatu Ando Perekat,1,Hitam,150000,150000,7,2024,0
7/19/2024,Sepatu Ando Perekat,1,Hitam,150000,150000,7,2024,0
7/19/2024,Sepatu Flatshoes Shayna,1,Putih,35000,35000,7,2024,0
7/20/2024,Sepatu Warior Tinggi,2,Hitam,150000,300000,7,2024,1
7/20/2024,Sepatu Karet Loufu,2,Hitam,60000,120000,7,2024,0
7/20/2024,Sepatu Bapau Rajut Raiya,2,Biru,120000,240000,7,2024,1
7/20/2024,Sepatu Pantopel Renome,1,Hitam,150000,150000,7,2024,0
7/20/2024,Sepatu Docmart Olivine,1,Hitam,100000,100000,7,2024,0
7/20/2024,Sepatu Flatshoes Velisa,1,Pink,35000,35000,7,2024,0
7/21/2024,Sepatu Docmart Olivine,1,Hitam,100000,100000,7,2024,0
7/21/2024,Sepatu Bapau Rajut Raiya,1,Moca,120000,120000,7,2024,0
7/21/2024,Sepatu Pro ATT,1,Hitam,150000,150000,7,2024,0
7/21/2024,Sepatu Import NB,1,Hitam,250000,250000,7,2024,1
7/21/2024,Sepatu Import Adidas ,1,Hitam,250000,250000,7,2024,1
7/21/2024,Sepatu Kulit Pantopel Colonia,1,Hitam,350000,350000,7,2024,1
7/21/2024,Sepatu Pantopel Renome,1,Hitam,150000,150000,7,2024,0
7/22/2024,Sepatu Bapau Rajut Raiya,1,Moca,120000,120000,7,2024,0
7/22/2024,Sepatu Flatshoes Velisa,2,Pink,35000,70000,7,2024,0
7/23/2024,Sepatu Pantopel Renome,1,Hitam,150000,150000,7,2024,0
7/23/2024,Sepatu Bapau Bizar,1,Hitam,150000,150000,7,2024,0
7/23/2024,Sepatu Karet Loufu,2,Hitam,60000,120000,7,2024,0
7/24/2024,Sepatu Bapau Rajut Raiya,2,Biru,120000,240000,7,2024,1
7/24/2024,Sepatu Import Nike,1,Putih,250000,250000,7,2024,1
7/24/2024,Sepatu Pro ATT,1,Hitam,150000,150000,7,2024,0
7/24/2024,Sepatu Pantopel Renome,1,Hitam,150000,150000,7,2024,0
7/25/2024,Sepatu Pantopel Renome,1,Hitam,150000,150000,7,2024,0
7/25/2024,Sepatu Bapau Rajut Raiya,2,Abu,120000,240000,7,2024,1
7/26/2024,Sepatu Karet Loufu,2,Hitam,60000,120000,7,2024,0
7/26/2024,Sepatu Import Nike,1,Putih,250000,250000,7,2024,1
7/26/2024,Sepatu Kulit Pantopel Colonia,1,Hitam,350000,350000,7,2024,1
7/27/2024,Sepatu Import NB,1,Putih,250000,250000,7,2024,1
7/27/2024,Sepatu Flatshoes Shayna,1,Putih,35000,35000,7,2024,0
7/27/2024,Sepatu Import Nike,1,Putih,250000,250000,7,2024,1
7/28/2024,Sepatu Bapau Rajut Raiya,1,Biru,120000,120000,7,2024,0
7/28/2024,Sepatu Warior Tinggi,1,Hitam,150000,150000,7,2024,0
7/28/2024,Sepatu Import NB,1,Putih,250000,250000,7,2024,1
7/28/2024,Sepatu Pantopel Renome,2,Hitam,150000,300000,7,2024,1
7/28/2024,Sepatu Pro ATT,1,Hitam,150000,150000,7,2024,0
7/28/2024,Sepatu Pantopel Renome,2,Hitam,150000,300000,7,2024,1
7/29/2024,Sepatu Pro ATT,1,Hitam,150000,150000,7,2024,0
7/29/2024,Sepatu Ando Perekat,1,Hitam,150000,150000,7,2024,0
7/30/2024,Sepatu Ando Perekat,1,Hitam,150000,150000,7,2024,0
7/31/2024,Sepatu Flatshoes Shayna,1,Putih,35000,35000,7,2024,0
7/31/2024,Sepatu Import NB,1,Putih,250000,250000,7,2024,1
8/1/2024,Sepatu Karet Loufu,1,Hitam,60000,60000,8,2024,0
8/1/2024,Sepatu Flatshoes Shayna,1,Putih,35000,35000,8,2024,0
8/1/2024,Sepatu Import NB,1,Hitam,250000,250000,8,2024,1
8/2/2024,Sepatu Import Gunung,1,Coklat,300000,300000,8,2024,1
8/2/2024,Sepatu Pantopel Renome,1,Hitam,150000,150000,8,2024,0
8/2/2024,Sepatu Flatshoes Velisa,1,Pink,35000,35000,8,2024,0
8/3/2024,Sepatu Bapau Rajut Raiya,1,Abu,120000,120000,8,2024,0
8/3/2024,Sepatu Import Adidas ,1,Hitam,250000,250000,8,2024,1
8/3/2024,Sepatu Import Nike,1,Putih,250000,250000,8,2024,1
8/3/2024,Sepatu Pantopel Renome,1,Hitam,150000,150000,8,2024,0
8/4/2024,Sepatu Pantopel Renome,1,Hitam,150000,150000,8,2024,0
8/4/2024,Sepatu Flatshoes Shayna,1,Putih,35000,35000,8,2024,0
8/4/2024,Sepatu Docmart Olivine,2,Hitam,100000,200000,8,2024,1
8/4/2024,Sepatu Flatshoes Velisa,1,Pink,35000,35000,8,2024,0
8/5/2024,Sepatu Pantopel Renome,1,Hitam,150000,150000,8,2024,0
8/5/2024,Sepatu Futsal Speed,1,Merah,150000,150000,8,2024,0
8/5/2024,Sepatu Flatshoes Velisa,1,Pink,35000,35000,8,2024,0
8/6/2024,Sepatu Flatshoes Velisa,1,Pink,35000,35000,8,2024,0
8/7/2024,Sepatu Pantopel Renome,1,Hitam,150000,150000,8,2024,0
8/7/2024,Sepatu Import NB,1,Putih,250000,250000,8,2024,1
8/7/2024,Sepatu Flatshoes Shayna,1,Putih,35000,35000,8,2024,0
8/8/2024,Sepatu Flatshoes Velisa,1,Pink,35000,35000,8,2024,0
8/8/2024,Sepatu Bapau Rajut Raiya,1,Biru,120000,120000,8,2024,0
8/8/2024,Sepatu Docmart Olivine,1,Hitam,100000,100000,8,2024,0
8/9/2024,Sepatu Flatshoes Orima,1,Hitam,90000,90000,8,2024,0
8/9/2024,Sepatu Flatshoes Shayna,1,Putih,35000,35000,8,2024,0
8/9/2024,Sepatu Import Slip On,1,Abu,250000,250000,8,2024,1
8/10/2024,Sepatu Import Slip On,1,Abu,250000,250000,8,2024,1
8/10/2024,Sepatu Pantopel Renome,2,Hitam,150000,300000,8,2024,1
8/10/2024,Sepatu Warior Tinggi,1,Hitam,150000,150000,8,2024,0
8/11/2024,Sepatu Bapau Rajut Raiya,1,Biru,120000,120000,8,2024,0
8/11/2024,Sepatu Flatshoes Velisa,1,Pink,35000,35000,8,2024,0
8/11/2024,Sepatu Pro ATT,1,Hitam,150000,150000,8,2024,0
8/11/2024,Sepatu Ando Perekat,1,Hitam,150000,150000,8,2024,0
8/12/2024,Sepatu Import NB,1,Putih,250000,250000,8,2024,1
8/12/2024,Sepatu Flatshoes Velisa,1,Pink,35000,35000,8,2024,0
8/13/2024,Sepatu Karet Loufu,1,Hitam,60000,60000,8,2024,0
8/13/2024,Sepatu Ando Perekat,1,Hitam,150000,150000,8,2024,0
8/13/2024,Sepatu Pantopel Renome,1,Hitam,150000,150000,8,2024,0
8/13/2024,Sepatu Import NB,1,Putih,250000,250000,8,2024,1
8/14/2024,Sepatu Pantopel Renome,1,Hitam,150000,150000,8,2024,0
8/14/2024,Sepatu Import NB,2,Putih,250000,500000,8,2024,2
8/15/2024,Sepatu Flatshoes Velisa,2,Pink,35000,70000,8,2024,0
8/15/2024,Sepatu Docmart Olivine,1,Hitam,100000,100000,8,2024,0
8/15/2024,Sepatu Bapau Rajut Raiya,1,Biru,120000,120000,8,2024,0
8/16/2024,Sepatu Pantopel Renome,1,Hitam,150000,150000,8,2024,0
8/16/2024,Sepatu Flatshoes Velisa,1,Pink,35000,35000,8,2024,0
8/16/2024,Sepatu Import NB,1,Putih,250000,250000,8,2024,1
8/17/2024,Sepatu Flatshoes Velisa,1,Pink,35000,35000,8,2024,0
8/18/2024,Sepatu Pantopel Renome,1,Hitam,150000,150000,8,2024,0
8/18/2024,Sepatu Karet Loufu,1,Hitam,60000,60000,8,2024,0
8/18/2024,Sepatu Import NB,2,Putih,250000,500000,8,2024,2
8/18/2024,Sepatu Flatshoes Shayna,1,Putih,35000,35000,8,2024,0
8/19/2024,Sepatu Flatshoes Shayna,1,Putih,35000,35000,8,2024,0
8/20/2024,Sepatu Flatshoes Velisa,1,Pink,35000,35000,8,2024,0
8/20/2024,Sepatu Import Nike,1,Putih,250000,250000,8,2024,1
8/21/2024,Sepatu Docmart Olivine,1,Hitam,100000,100000,8,2024,0
8/21/2024,Sepatu Flatshoes Velisa,2,Pink,35000,70000,8,2024,0
8/22/2024,Sepatu Import Slip On,1,Abu,250000,250000,8,2024,1
8/22/2024,Sepatu Import NB,2,Putih,250000,500000,8,2024,2
8/22/2024,Sepatu Pantopel Renome,1,Hitam,150000,150000,8,2024,0
8/22/2024,Sepatu Lokal Fashion,1,Hitam,250000,250000,8,2024,1
8/23/2024,Sepatu Pantopel Renome,1,Hitam,150000,150000,8,2024,0
8/23/2024,Sepatu Import Nike,1,Putih,250000,250000,8,2024,1
8/24/2024,Sepatu Import Nike,1,Putih,250000,250000,8,2024,1
8/24/2024,Sepatu Import NB,1,Putih,250000,250000,8,2024,1
8/24/2024,Sepatu Pantopel Renome,1,Hitam,150000,150000,8,2024,0
8/24/2024,Sepatu Karet Loufu,1,Hitam,60000,60000,8,2024,0
8/25/2024,Sepatu Flatshoes Velisa,1,Pink,35000,35000,8,2024,0
8/26/2024,Sepatu Bapau Rajut Raiya,1,Biru,120000,120000,8,2024,0
8/26/2024,Sepatu Flatshoes Velisa,1,Pink,35000,35000,8,2024,0
8/27/2024,Sepatu Pantopel Renome,1,Hitam,150000,150000,8,2024,0
8/27/2024,Sepatu Import Nike,2,Putih,250000,500000,8,2024,2
8/27/2024,Sepatu Flatshoes Velisa,1,Pink,35000,35000,8,2024,0
8/28/2024,Sepatu Pantopel Renome,1,Hitam,150000,150000,8,2024,0
8/28/2024,Sepatu Docmart Olivine,1,Hitam,100000,100000,8,2024,0
8/29/2024,Sepatu Pantopel Renome,1,Hitam,150000,150000,8,2024,0
8/29/2024,Sepatu Bapau Rajut Raiya,1,Abu,120000,120000,8,2024,0
8/29/2024,Sepatu Pro ATT,2,Hitam,150000,300000,8,2024,1
8/30/2024,Sepatu Bapau Rajut Raiya,1,Abu,120000,120000,8,2024,0
8/30/2024,Sepatu Import Adidas ,1,Hitam,250000,250000,8,2024,1
8/31/2024,Sepatu Ando Perekat,1,Hitam,150000,150000,8,2024,0
8/31/2024,Sepatu Pro ATT,1,Hitam,150000,150000,8,2024,0
